first_name,last_name,email,gender,age,car,job,favourite_film
Vincent,Bruins,vbruins0@hostgator.com,Male,23,Opel,Dental Hygienist,Drama
Pamela,Alder,palder1@bluehost.com,Female,42,Renault,Chemical Engineer,Comedy
Milly,Riccione,mriccione2@blog.com,Female,55,Mazda,Product Engineer,Drama
Owen,Purkiss,opurkiss3@typepad.com,Male,48,Renault,Senior Sales Associate,Drama
Adriano,Simpkins,asimpkins4@rakuten.co.jp,Male,64,BMW,Software Test Engineer IV,Thriller
Tamarah,Dellow,tdellow5@163.com,Female,21,Opel,Tax Accountant,Horror
Mahala,Dudeney,mdudeney6@spotify.com,Female,54,Opel,Associate Professor,Drama
Kippie,Valiant,kvaliant7@time.com,Female,67,Ford,Accounting Assistant IV,Thriller
Benedict,Mudle,bmudle8@trellian.com,Male,44,Renault,Community Outreach Specialist,Drama
Ange,Denholm,adenholm9@cloudflare.com,Male,76,Ford,Structural Analysis Engineer,Thriller
Ignatius,Taylorson,itaylorsona@zimbio.com,Male,41,Renault,VP Quality Control,Thriller
Diann,Dimnage,ddimnageb@biglobe.ne.jp,Female,67,Fiat,Software Consultant,Thriller
Zulema,Wilkisson,zwilkissonc@hostgator.com,Female,49,Renault,Research Nurse,Thriller
Johnathan,Gouley,jgouleyd@prlog.org,Male,24,Renault,Senior Cost Accountant,Comedy
Erek,Stein,esteine@printfriendly.com,Male,48,Fiat,Nurse Practicioner,Thriller
Chico,Petschel,cpetschelf@squarespace.com,Male,70,Renault,Statistician II,Thriller
Teddy,Harnett,tharnettg@va.gov,Female,34,Renault,Account Representative III,Thriller
Horst,Oty,hotyh@cnet.com,Male,68,Renault,GIS Technical Architect,Horror
Garrek,MacMakin,gmacmakini@va.gov,Male,30,Renault,Research Assistant I,Thriller
Julina,O'Malley,jomalleyj@cdc.gov,Female,32,Renault,Human Resources Assistant IV,Thriller
